"","Download.Source","TLD","Download.Speed","Ping.Time.To.Server","File.Size..Bytes.","How.Many.Times.File.Seen","Executable.Code.Maybe.Present.in.Headers","Calls.To.Low.level.System.Libraries","Evidence.of.Code.Obfuscation","Threads.Started","Mean.Word.Length.of.Extracted.Strings","Similarity.Score","Characters.in.URL","Actually.Malicious"
"172247","University Web Pages",".net","Less than 100 KB/s",268,2025941,644,"NO",160,"YES",1,5.57,0.782604742,54,"YES"
"74134","Wordpress Powered Web Site",".com","100KB/s to 1MB/s",319,8092883,611,"YES",767,"YES",3,3.74,-0.783933956,57,"NO"
"16999","Linked Directly to Google Search Result",".gov","100KB/s to 1MB/s",638,3020549,644,"NO",246,"YES",1,4.49,1.189739354,104,"NO"
"110728","Linked Directly to Google Search Result",".net","100KB/s to 1MB/s",505,4433750,507,"NO",376,"YES",2,5.47,0.860744549,56,"YES"
"198153","Well Known Software Download Websites",".com","1MB/s to 10MB/s",120,8647470,483,"NO",834,"YES",3,4.53,-0.247458074,87,"YES"
"138050","Linked Directly to Google Search Result",".net","100KB/s to 1MB/s",173,10636458,588,"NO",1089,"YES",1,4.43,0.918591383,86,"NO"
"149391","Email",NA,NA,NA,9138695,533,"YES",894,"NO",1,4.47,-0.621445948,84,"YES"
"63674","Linked Directly to Google Search Result",".net","Greater than 10MB/s",192,10684518,619,"YES",1095,"YES",1,4.29,-0.414543981,55,"NO"
"56674","Well Known Software Download Websites",".com","1MB/s to 10MB/s",167,790828,605,"YES",60,"YES",3,4.52,-1.069900219,51,"YES"
"125010","Linked Directly to Google Search Result",".net","100KB/s to 1MB/s",278,1493222,510,"NO",116,"YES",1,5.42,0.887383092,63,"YES"
"73804","Git Repository",".com","100KB/s to 1MB/s",421,3440073,568,"YES",283,"YES",2,5.37,-0.956737597,77,"YES"
"110607","Linked Directly to Google Search Result",".com","100KB/s to 1MB/s",71,3954829,654,"YES",331,"NO",1,5.94,0.350798972,87,"YES"
"17433","Linked Directly to Google Search Result",".gov","100KB/s to 1MB/s",717,14512533,638,"NO",1669,"YES",1,5.14,0.689250916,78,"NO"
"48808","Wordpress Powered Web Site",".gov","100KB/s to 1MB/s",191,941304,606,"YES",72,"NO",2,4.69,1.182149905,46,"NO"
"114030","Well Known Software Download Websites",".com","100KB/s to 1MB/s",316,18106312,722,"NO",2320,"YES",2,4.24,-0.319486926,79,"NO"
"21913","Email",NA,NA,NA,5919002,466,"YES",526,"NO",1,4.58,1.708485078,69,"YES"
"40600","Wordpress Powered Web Site",".net","100KB/s to 1MB/s",255,4832436,660,"NO",415,"NO",2,5.69,0.544244459,57,"YES"
"42575","Linked Directly to Google Search Result",".com","100KB/s to 1MB/s",216,12098158,507,"NO",1294,"YES",2,5.39,-1.192818107,64,"NO"
"130961","University Web Pages",".edu","100KB/s to 1MB/s",54,5008207,681,"NO",433,"YES",2,4.09,-0.804120685,78,"NO"
"109480","Linked Directly to Google Search Result",".net","Greater than 10MB/s",NA,5057968,518,"NO",438,"NO",2,4.6,-1.866778271,73,"NO"
"197730","Email",NA,NA,NA,2431855,646,"NO",NA,"YES",1,4.31,-0.812679655,56,"NO"
"102491","Email",NA,NA,NA,7253241,630,"YES",670,"NO",2,5.79,-0.38227262,74,"YES"
"44894","Wordpress Powered Web Site",".gov","100KB/s to 1MB/s",33,3572106,543,"NO",295,"NO",2,5.49,1.999669547,68,"NO"
"131640","Email",NA,NA,NA,18766262,500,"YES",2453,"YES",3,4.94,-0.997458882,50,"YES"
"100252","University Web Pages",".gov","1MB/s to 10MB/s",484,14978792,480,"NO",1747,"NO",1,4.23,1.516409181,75,"YES"
"167527","Email",NA,NA,NA,11716548,640,"NO",NA,"YES",2,4.4,0.956644665,64,"NO"
"88939","Linked Directly to Google Search Result",".com","1MB/s to 10MB/s",140,4418479,719,"YES",375,"NO",2,4.44,-1.449983251,70,"YES"
"94933","Email",NA,NA,NA,9146727,453,"YES",895,"YES",1,4.63,-0.656265959,77,"YES"
"160354","Linked Directly to Google Search Result",".com","1MB/s to 10MB/s",301,7788808,619,"NO",732,"YES",1,5.33,1.062634797,51,"NO"
"166555","Git Repository",".net","1MB/s to 10MB/s",69,4935914,406,"NO",425,"YES",2,4.84,-0.494190905,88,"YES"
"56532","Linked Directly to Google Search Result",".com","100KB/s to 1MB/s",133,7067738,459,"NO",650,"YES",2,5.33,-1.180404959,90,"NO"
"28189","Linked Directly to Google Search Result",".net","100KB/s to 1MB/s",228,10982644,509,"YES",1136,"YES",3,5.82,-1.008912839,70,"YES"
"96081","Email",NA,NA,NA,665733,509,"YES",50,"YES",3,4.62,0.788987441,69,"YES"
"109706","Wordpress Powered Web Site",".com","1MB/s to 10MB/s",198,12398596,632,"NO",1338,"NO",3,4.78,-0.798808753,85,"NO"
"185461","Email",NA,NA,NA,4108337,549,"YES",345,"YES",2,5.24,-0.752870545,80,"YES"
"66106","Linked Directly to Google Search Result",".gov","1MB/s to 10MB/s",323,7060787,359,"NO",649,"YES",2,4.46,-0.069098236,76,"YES"
"135108","Wordpress Powered Web Site",".com","100KB/s to 1MB/s",445,29343881,425,"YES",5271,"NO",1,3.75,0.640861846,66,"YES"
"121239","Linked Directly to Google Search Result",".net","100KB/s to 1MB/s",70,5340438,578,"YES",466,"NO",1,5.6,0.424598666,56,"YES"
"47472","University Web Pages",".net","100KB/s to 1MB/s",401,11470978,571,"NO",1204,"YES",2,4.97,-1.805718917,56,"YES"
"49898","Email",NA,NA,NA,10561009,639,"YES",1079,"NO",2,5.48,0.366508504,80,"YES"
"79424","Git Repository",".net","100KB/s to 1MB/s",175,8781013,652,"YES",850,"NO",2,5.49,-0.010812931,48,"NO"
"59027","Linked Directly to Google Search Result",".com","100KB/s to 1MB/s",213,13575837,711,"NO",1518,"NO",3,5.3,-0.315163679,61,"NO"
"153357","Wordpress Powered Web Site",".net","Less than 100 KB/s",500,5275578,576,"YES",459,"NO",1,5.56,0.695191799,67,"NO"
"179735","Linked Directly to Google Search Result",".com","Less than 100 KB/s",177,16189369,550,"YES",NA,"NO",2,5.68,0.340826649,49,"NO"
"74861","Linked Directly to Google Search Result",".gov","1MB/s to 10MB/s",80,8147628,686,"YES",NA,"NO",2,5.19,1.87036591,62,"YES"
"4676","Linked Directly to Google Search Result",".com","1MB/s to 10MB/s",134,713896,637,"YES",54,"NO",3,4.67,0.246828918,82,"YES"
"155209","Linked Directly to Google Search Result",".edu","1MB/s to 10MB/s",612,10461569,700,"NO",1065,"NO",2,4.95,0.023899388,59,"NO"
"144177","Wordpress Powered Web Site",".net","100KB/s to 1MB/s",296,9468086,684,"YES",936,"NO",1,5.74,0.719474205,66,"YES"
"99301","Linked Directly to Google Search Result",".com","100KB/s to 1MB/s",309,3833071,487,"NO",319,"YES",1,5.81,-0.448904114,66,"YES"
"16573","Email",NA,NA,NA,7521457,605,"NO",701,"NO",1,4.48,-2.070438559,56,"YES"
"128812","Linked Directly to Google Search Result",".com","1MB/s to 10MB/s",141,25747004,543,"YES",4151,"NO",2,3.83,-1.119114342,71,"YES"
"12560","Well Known Software Download Websites",".edu","1MB/s to 10MB/s",147,1193296,671,"YES",92,"YES",1,4.52,0.370953897,84,"NO"
"190773","Linked Directly to Google Search Result",".com","Less than 100 KB/s",84,3524797,567,"NO",NA,"YES",1,5.59,-0.356546655,87,"YES"
"5248","Email",NA,NA,NA,1619520,571,"NO",126,"YES",2,5.24,-0.787459502,60,"YES"
"72822","Email",NA,NA,NA,11597183,504,"NO",1222,"YES",2,4.1,0.203962081,76,"YES"
"61023","Linked Directly to Google Search Result",".gov","100KB/s to 1MB/s",577,6048415,266,"NO",NA,"YES",3,4.21,-0.700108141,86,"YES"
"6108","Well Known Software Download Websites",".net","100KB/s to 1MB/s",182,2498945,515,"NO",200,"YES",2,5.32,0.336328108,62,"YES"
"167532","Linked Directly to Google Search Result",".edu","Less than 100 KB/s",110,3864204,530,"YES",322,"NO",2,5.55,0.108164317,77,"NO"
"91741","Well Known Software Download Websites",".com","1MB/s to 10MB/s",313,14820825,466,"NO",1720,"NO",2,5.35,2.00003512,64,"NO"
"88030","Email",NA,NA,NA,21941383,594,"NO",3155,"YES",2,4.77,-0.383231806,79,"NO"
"67537","Email",NA,NA,NA,5115154,545,"NO",443,"YES",1,4.69,0.966703183,41,"NO"
"98080","Well Known Software Download Websites",".com","100KB/s to 1MB/s",64,8672776,661,"NO",837,"YES",3,4.33,0.727688915,71,"NO"
"54050","Wordpress Powered Web Site",".net","1MB/s to 10MB/s",420,21337891,485,"NO",3013,"NO",3,4.03,0.573306703,64,"YES"
"51060","Linked Directly to Google Search Result",".gov","100KB/s to 1MB/s",273,11971609,438,"NO",1276,"YES",2,4.91,0.393210392,72,"YES"
"56837","Wordpress Powered Web Site",".com","1MB/s to 10MB/s",460,8883843,412,"YES",863,"YES",1,4.31,0.279477036,76,"YES"
"111453","Email",NA,NA,NA,7712036,693,"NO",NA,"YES",1,4.99,-0.085112795,69,"YES"
"167971","Linked Directly to Google Search Result",".net","Less than 100 KB/s",223,1640180,634,"YES",128,"YES",3,5.56,0.396060907,81,"YES"
"9916","Email",NA,NA,NA,28785959,765,"NO",NA,"NO",2,4.63,-0.018523928,92,"NO"
"39251","Well Known Software Download Websites",".com","100KB/s to 1MB/s",190,627850,576,"NO",47,"YES",1,5.2,0.159337207,70,"NO"
"54349","Well Known Software Download Websites",".gov","1MB/s to 10MB/s",225,2895680,589,"NO",234,"NO",3,4.79,-0.313119073,76,"NO"
"97078","Well Known Software Download Websites",".com","100KB/s to 1MB/s",185,6679418,651,"NO",607,"YES",1,3.98,0.478759217,80,"NO"
"125590","Email",NA,NA,NA,15162220,489,"NO",1778,"NO",4,4.87,-0.945224665,84,"NO"
"62839","Well Known Software Download Websites",".gov","100KB/s to 1MB/s",48,18402538,576,"NO",2379,"YES",1,5.16,-0.240060833,83,"YES"
"154147","Linked Directly to Google Search Result",".com","Less than 100 KB/s",124,2525075,488,"NO",202,"YES",2,5.23,-2.594415606,53,"NO"
"124193","Wordpress Powered Web Site",".edu","1MB/s to 10MB/s",111,8489665,545,"YES",815,"YES",1,4.61,-0.024883463,80,"NO"
"177","Well Known Software Download Websites",".net","100KB/s to 1MB/s",493,13443317,431,"NO",1497,"YES",1,5.08,-1.625063724,67,"YES"
"138217","Linked Directly to Google Search Result",".edu","100KB/s to 1MB/s",408,12182920,498,"NO",1306,"YES",1,4.86,-0.451258509,49,"YES"
"39978","Linked Directly to Google Search Result",".net","100KB/s to 1MB/s",515,2175619,483,"NO",172,"YES",3,5.19,0.723249242,106,"YES"
"96422","Linked Directly to Google Search Result",".net","1MB/s to 10MB/s",143,1910186,589,"NO",150,"YES",1,4.61,-0.295411393,102,"YES"
"74019","Well Known Software Download Websites",".gov","100KB/s to 1MB/s",210,9573960,508,"NO",949,"YES",2,5.61,2.173728558,73,"NO"
"5976","Well Known Software Download Websites",".net","100KB/s to 1MB/s",631,3293526,596,"NO",270,"YES",2,4.88,0.968233323,76,"YES"
"30645","Wordpress Powered Web Site",".gov","100KB/s to 1MB/s",140,35792079,190,"NO",7804,"NO",2,3.44,0.134723789,48,"YES"
"161736","Linked Directly to Google Search Result",".net","100KB/s to 1MB/s",294,21265057,379,"NO",2996,"NO",2,4,0.0668422,61,"YES"
"151175","Well Known Software Download Websites",".net","1MB/s to 10MB/s",265,12732757,460,"YES",NA,"YES",3,4.79,-0.218443402,93,"YES"
"104298","Well Known Software Download Websites",".net.au","100KB/s to 1MB/s",146,3270883,702,"YES",268,"NO",2,5.53,1.473349123,69,"NO"
"160145","Linked Directly to Google Search Result",".com","1MB/s to 10MB/s",219,7892379,534,"NO",744,"YES",1,4.63,-1.006717567,68,"YES"
"137108","Wordpress Powered Web Site",".com","1MB/s to 10MB/s",314,5634331,634,"NO",496,"NO",2,5.08,-0.685778526,86,"NO"
"185115","Linked Directly to Google Search Result",".net","Less than 100 KB/s",131,19244142,774,"NO",2552,"YES",2,4.05,-0.830701739,65,"NO"
"101665","Wordpress Powered Web Site",".net","1MB/s to 10MB/s",678,6187022,429,"YES",554,"YES",3,4.81,1.735439259,74,"YES"
"39488","Well Known Software Download Websites",".net","100KB/s to 1MB/s",123,3262410,608,"YES",267,"NO",1,5.17,-0.241761722,84,"NO"
"98367","Linked Directly to Google Search Result",".net","1MB/s to 10MB/s",379,3454712,668,"YES",285,"NO",2,4.77,-1.575270018,58,"NO"
"189067","Well Known Software Download Websites",".com","1MB/s to 10MB/s",90,11895377,324,"NO",1265,"YES",2,4.31,-0.799095945,69,"YES"
"8940","Well Known Software Download Websites",".com","100KB/s to 1MB/s",62,2484982,563,"NO",NA,"YES",3,5.66,0.699787842,69,"YES"
"15614","Linked Directly to Google Search Result",".net","100KB/s to 1MB/s",135,15281457,507,"NO",1799,"NO",1,5.78,-2.298198023,80,"NO"
"157271","Well Known Software Download Websites",".gov","Less than 100 KB/s",463,543309,608,"YES",41,"YES",2,5.71,2.00067485,90,"YES"
"57229","Email",NA,NA,NA,6338169,688,"NO",570,"NO",2,4.96,0.832158803,101,"NO"
"154213","Well Known Software Download Websites",".net","Less than 100 KB/s",399,10071786,538,"NO",1014,"NO",2,5.54,1.665273318,75,"NO"
"97021","Linked Directly to Google Search Result",".gov","100KB/s to 1MB/s",248,5330010,536,"NO",465,"YES",2,5.24,-0.703956507,72,"YES"
"37296","Linked Directly to Google Search Result",".com","1MB/s to 10MB/s",463,6769877,645,"NO",NA,"NO",2,4.31,1.11701678,72,"YES"
"193115","Email",NA,NA,NA,6661349,515,"YES",605,"YES",2,4.59,1.628304097,81,"YES"
"95098","Wordpress Powered Web Site",".net","1MB/s to 10MB/s",422,7370471,570,"NO",684,"NO",1,4.29,-0.082020786,40,"YES"
"19774","Well Known Software Download Websites",".com","1MB/s to 10MB/s",141,15259078,322,"YES",1795,"YES",1,5.04,0.983412982,63,"YES"
"121056","Wordpress Powered Web Site",".com","100KB/s to 1MB/s",803,5212255,627,"YES",453,"YES",2,5.06,0.836957291,72,"YES"
"101536","Linked Directly to Google Search Result",".com","100KB/s to 1MB/s",30,10963843,724,"YES",1133,"NO",1,5.18,1.441939909,73,"YES"
"42536","Linked Directly to Google Search Result",".net","100KB/s to 1MB/s",337,11070321,589,"YES",1148,"YES",2,4.84,1.143636604,61,"NO"
"53324","Linked Directly to Google Search Result",".com","100KB/s to 1MB/s",454,4831454,586,"NO",415,"NO",2,5.69,-0.91717895,70,"NO"
"129443","Well Known Software Download Websites",".com","100KB/s to 1MB/s",254,1029556,589,"YES",78,"NO",2,5.3,-1.561732126,65,"NO"
"75896","Linked Directly to Google Search Result",".net","100KB/s to 1MB/s",272,1360756,625,"NO",105,"NO",2,5.32,-0.296133463,81,"NO"
"108671","Well Known Software Download Websites",".gov","100KB/s to 1MB/s",278,2750322,652,"NO",222,"NO",2,5.6,-0.575594852,75,"YES"
"76865","Well Known Software Download Websites",".com","100KB/s to 1MB/s",426,4050217,596,"NO",340,"YES",2,5.97,0.081267364,89,"YES"
"41169","Well Known Software Download Websites",".edu","100KB/s to 1MB/s",555,6829243,542,"NO",623,"YES",3,5.61,0.293272364,87,"YES"
"112630","Linked Directly to Google Search Result",".net","1MB/s to 10MB/s",32,4371372,421,"NO",370,"YES",2,4.39,-0.240696807,58,"YES"
"27697","Well Known Software Download Websites",".net","1MB/s to 10MB/s",563,11221276,369,"NO",1169,"YES",3,4.97,-1.007150457,78,"YES"
"132443","Linked Directly to Google Search Result",".com","1MB/s to 10MB/s",102,10347978,487,"YES",1050,"YES",1,4.88,-1.117203471,63,"YES"
"78054","Wordpress Powered Web Site",".com","100KB/s to 1MB/s",179,7122614,534,"NO",656,"NO",1,5.52,-0.78835871,80,"NO"
"57608","Linked Directly to Google Search Result",".net","100KB/s to 1MB/s",1039,12187823,590,"NO",1307,"NO",2,4.62,0.146524845,62,"NO"
"95327","Linked Directly to Google Search Result",".com","100KB/s to 1MB/s",180,5834530,575,"NO",NA,"NO",2,4.69,-1.321385264,74,"NO"
"53083","Linked Directly to Google Search Result",".com","100KB/s to 1MB/s",265,9778105,572,"NO",975,"YES",2,4.19,-0.631524446,70,"NO"
"156300","Well Known Software Download Websites",".edu","1MB/s to 10MB/s",156,1713990,756,"NO",134,"YES",2,4.53,0.525525818,49,"YES"
"123656","Linked Directly to Google Search Result",".net","100KB/s to 1MB/s",530,22527124,726,"NO",NA,"YES",3,4.02,0.201766978,45,"NO"
"16486","Email",NA,NA,NA,2379150,663,"NO",190,"YES",2,4.28,0.665025051,52,"NO"
"4088","Email",NA,NA,NA,8074722,476,"NO",765,"YES",2,4.86,-0.323662743,66,"NO"
"143557","Linked Directly to Google Search Result",".gov","1MB/s to 10MB/s",558,17858216,626,"NO",2271,"YES",1,4.57,0.871612636,97,"NO"
"111213","Linked Directly to Google Search Result",".net","100KB/s to 1MB/s",177,3154971,543,"YES",258,"NO",3,5.26,-0.200130407,86,"NO"
"109888","Linked Directly to Google Search Result",".com","100KB/s to 1MB/s",227,27697704,678,"NO",4735,"YES",2,4.84,-0.10468404,84,"NO"
"9482","Linked Directly to Google Search Result",".com","1MB/s to 10MB/s",472,422986,683,"NO",31,"YES",2,4.43,-0.777002979,57,"YES"
"112875","Email",NA,NA,NA,4940244,697,"YES",426,"NO",3,5.62,-0.920289,90,"YES"
"59164","Email",NA,NA,NA,6679353,306,"NO",607,"YES",1,4.86,-1.635214241,78,"YES"
"25755","Git Repository",".gov","100KB/s to 1MB/s",548,4302101,593,"NO",364,"NO",1,4.82,-0.503902235,65,"NO"
"137138","Email",NA,NA,NA,15877162,621,"YES",1903,"YES",4,4.49,0.914810443,58,"NO"
"53474","Email",NA,NA,NA,574610,363,"NO",43,"NO",2,4.7,0.795452513,78,"YES"
"103735","Well Known Software Download Websites",".net","100KB/s to 1MB/s",313,2956039,584,"NO",240,"NO",2,4.86,0.49881731,88,"NO"
"123851","Linked Directly to Google Search Result",".net","100KB/s to 1MB/s",415,21504793,717,"YES",3052,"YES",2,4.36,0.576646464,68,"NO"
"96055","Well Known Software Download Websites",".net","100KB/s to 1MB/s",188,1512985,599,"YES",117,"YES",2,5.54,-0.889619231,70,"YES"
"125947","Well Known Software Download Websites",".com","100KB/s to 1MB/s",701,11271491,564,"NO",1176,"NO",2,4.83,-1.129668634,67,"NO"
"72422","Email",NA,NA,NA,1992315,610,"NO",157,"YES",1,4.38,-1.328856087,41,"NO"
"115890","Email",NA,NA,NA,10451783,648,"NO",1064,"YES",2,4.58,0.360206746,64,"YES"
"103258","Well Known Software Download Websites",".com","1MB/s to 10MB/s",40,16793628,586,"YES",NA,"NO",2,4,-0.818995752,78,"YES"
"19092","Well Known Software Download Websites",".net","100KB/s to 1MB/s",185,6893077,614,"NO",630,"NO",1,5.62,-1.085151309,64,"NO"
"126337","Wordpress Powered Web Site",".com","100KB/s to 1MB/s",175,5965413,555,"NO",530,"YES",2,4.72,-0.108607567,69,"NO"
"39292","Email",NA,NA,NA,10400154,686,"YES",1057,"YES",1,4.28,-0.304339305,79,"NO"
"171148","Linked Directly to Google Search Result",".net","Less than 100 KB/s",302,1869028,578,"YES",147,"YES",2,5.22,0.427967014,82,"YES"
"161077","Email",NA,NA,NA,10393893,593,"NO",1056,"YES",1,4.47,-1.521910375,71,"NO"
"139682","Linked Directly to Google Search Result",".net","100KB/s to 1MB/s",311,7591194,691,"NO",NA,"YES",3,4.99,-0.363707703,48,"YES"
"103675","Well Known Software Download Websites",".net","1MB/s to 10MB/s",138,7018971,688,"NO",644,"NO",2,5.16,0.031920797,91,"NO"
"185848","Well Known Software Download Websites",".com","1MB/s to 10MB/s",280,14624692,643,"NO",1688,"YES",2,5.02,0.141750584,80,"NO"
"134785","Well Known Software Download Websites",".com","100KB/s to 1MB/s",52,6160735,669,"YES",551,"YES",1,4.06,1.019465398,75,"NO"
"177227","Wordpress Powered Web Site",".gov","Less than 100 KB/s",282,9622711,658,"NO",955,"YES",2,4.47,1.685278341,48,"NO"
"191690","Linked Directly to Google Search Result",".net","Less than 100 KB/s",507,8284548,555,"NO",790,"NO",1,4.89,0.66192735,67,"NO"
"40106","Wordpress Powered Web Site",".edu","100KB/s to 1MB/s",52,9939729,696,"YES",996,"NO",3,5.27,-0.829749102,104,"YES"
"12321","Wordpress Powered Web Site",".com","1MB/s to 10MB/s",96,6186888,638,"NO",554,"YES",2,5.14,0.105019159,65,"NO"
"135833","Linked Directly to Google Search Result",".com","100KB/s to 1MB/s",300,5789392,682,"NO",512,"YES",2,4.38,1.059258445,80,"NO"
"71450","Linked Directly to Google Search Result",".com","100KB/s to 1MB/s",344,13654837,592,"YES",1530,"NO",1,5.1,0.112777406,82,"NO"
"103327","Linked Directly to Google Search Result",".net","100KB/s to 1MB/s",267,2491237,523,"NO",199,"YES",2,5.83,-0.876615124,93,"YES"
"24428","Well Known Software Download Websites",".com","100KB/s to 1MB/s",133,7581734,485,"NO",708,"YES",2,5.11,-0.960460429,30,"YES"
"146377","Well Known Software Download Websites",".com","1MB/s to 10MB/s",336,241903,611,"NO",18,"YES",1,4.93,-0.591133919,82,"NO"
"123610","Well Known Software Download Websites",".gov","100KB/s to 1MB/s",127,6239607,590,"YES",559,"NO",2,5.22,0.819948419,93,"NO"
"42397","Git Repository",".com","100KB/s to 1MB/s",131,8101584,585,"YES",768,"YES",1,6.03,-0.648261263,73,"YES"
"49809","Email",NA,NA,NA,10856951,710,"NO",1119,"NO",1,5.21,0.53165399,47,"YES"
"116472","Well Known Software Download Websites",".net","100KB/s to 1MB/s",549,20445388,688,"YES",2811,"YES",2,3.98,1.115792234,78,"NO"
"28607","Email",NA,NA,NA,4633552,567,"NO",NA,"YES",1,5.3,0.625042122,48,"YES"
"162408","Email",NA,NA,NA,505666,668,"NO",38,"NO",1,5.31,0.821331352,89,"NO"
"157111","Well Known Software Download Websites",".com","Less than 100 KB/s",250,10166840,668,"YES",1026,"YES",1,4.81,0.413302937,56,"YES"
"106063","Email",NA,NA,NA,426272,530,"YES",NA,"NO",3,5.22,-2.160275564,52,"NO"
"87225","Well Known Software Download Websites",".com","100KB/s to 1MB/s",792,5283594,652,"NO",460,"YES",3,4.8,-0.289015714,71,"NO"
"145729","Email",NA,NA,NA,2022039,613,"NO",159,"NO",1,5.35,0.189479578,84,"NO"
"198646","Email",NA,NA,NA,5793571,504,"NO",512,"YES",1,5.17,0.875014631,75,"NO"
"43542","Well Known Software Download Websites",".net","1MB/s to 10MB/s",309,5918511,521,"NO",525,"NO",2,4.59,0.88552423,104,"YES"
"3174","Email",NA,NA,NA,3446798,666,"NO",284,"YES",2,4.06,-0.058822609,74,"NO"
"43678","Git Repository",".com","1MB/s to 10MB/s",384,13634292,706,"YES",1527,"NO",3,4.12,0.046833549,93,"YES"
"72306","Linked Directly to Google Search Result",".net","100KB/s to 1MB/s",104,32060856,427,"YES",6249,"YES",1,5.77,1.844614818,70,"NO"
"26024","Well Known Software Download Websites",".net","100KB/s to 1MB/s",97,10739742,570,"NO",1103,"YES",1,4.73,0.269315176,51,"NO"
"115744","Email",NA,NA,NA,918033,716,"YES",70,"NO",1,5.19,-0.679080917,80,"NO"
"47900","Linked Directly to Google Search Result",".net","100KB/s to 1MB/s",126,11971835,532,"NO",1276,"NO",2,5.46,0.419809253,78,"YES"
"49143","Linked Directly to Google Search Result",".net","100KB/s to 1MB/s",270,11794137,623,"YES",1250,"NO",2,5.26,0.308028693,64,"NO"
"513","Linked Directly to Google Search Result",".com","1MB/s to 10MB/s",211,4340745,498,"NO",367,"YES",2,4.77,-0.326058972,57,"YES"
"166090","Wordpress Powered Web Site",".com","1MB/s to 10MB/s",875,3730122,444,"YES",310,"NO",1,4.53,-0.889606,56,"YES"
"30807","Well Known Software Download Websites",".net","100KB/s to 1MB/s",151,11494182,664,"NO",1207,"YES",2,5.18,-0.005432987,60,"YES"
"184464","Well Known Software Download Websites",".com","Less than 100 KB/s",199,1139840,634,"NO",87,"YES",1,4.19,1.247978809,73,"NO"
"91985","Linked Directly to Google Search Result",".net","1MB/s to 10MB/s",396,5616295,631,"NO",494,"YES",2,4.73,0.624105253,42,"YES"
"173659","Well Known Software Download Websites",".com","1MB/s to 10MB/s",459,4608047,722,"YES",393,"NO",2,5.31,0.041933902,68,"NO"
"15097","Well Known Software Download Websites",".com","100KB/s to 1MB/s",788,12271266,568,"NO",1319,"NO",1,5.18,1.506580358,77,"NO"
"16219","Wordpress Powered Web Site",".net","100KB/s to 1MB/s",180,5115731,701,"YES",443,"YES",2,5.02,-1.655096363,50,"YES"
"21184","Linked Directly to Google Search Result",".net","100KB/s to 1MB/s",38,7901527,416,"YES",745,"YES",3,4.9,-0.727256754,83,"YES"
"186466","Well Known Software Download Websites",".com","Less than 100 KB/s",527,17200048,574,"NO",2145,"YES",3,4.3,1.301378998,114,"NO"
"183004","Linked Directly to Google Search Result",".net","Less than 100 KB/s",390,2067375,645,"YES",163,"YES",1,5.21,-1.18348136,88,"YES"
"47818","Linked Directly to Google Search Result",".net","100KB/s to 1MB/s",205,2829101,571,"YES",229,"YES",2,4.43,-0.590431305,79,"YES"
"188369","Wordpress Powered Web Site",".net","Less than 100 KB/s",211,12691207,715,"YES",1382,"NO",1,5.29,-0.120300371,91,"NO"
"110402","Wordpress Powered Web Site",".gov","100KB/s to 1MB/s",370,2125691,465,"YES",168,"YES",3,5.46,1.143569498,28,"NO"
"71315","Linked Directly to Google Search Result",".net","100KB/s to 1MB/s",471,2899396,444,"NO",235,"YES",2,5.13,-0.00348299,68,"NO"
"65106","Linked Directly to Google Search Result",".edu","100KB/s to 1MB/s",682,1146165,659,"YES",88,"YES",2,5.48,-2.404593583,79,"YES"
"179997","Well Known Software Download Websites",".edu","Less than 100 KB/s",442,2706349,621,"NO",218,"YES",2,4.81,1.637134553,75,"NO"
"179099","Wordpress Powered Web Site",".net","Less than 100 KB/s",85,21961735,875,"NO",3160,"NO",2,5.5,1.061964959,85,"YES"
"191771","Wordpress Powered Web Site",".org","Less than 100 KB/s",304,11691071,477,"YES",NA,"YES",2,5.92,0.523393118,70,"YES"
"130972","Linked Directly to Google Search Result",".edu","100KB/s to 1MB/s",165,9242634,542,"YES",907,"NO",1,5.25,1.732784039,63,"YES"
"9925","Linked Directly to Google Search Result",".com","1MB/s to 10MB/s",251,28007062,531,"NO",4833,"YES",2,5.08,0.853720944,70,"NO"
"43943","University Web Pages",".gov","100KB/s to 1MB/s",222,5920909,663,"YES",526,"NO",1,5.5,-0.395145777,58,"YES"
"180687","Well Known Software Download Websites",".net","Less than 100 KB/s",205,3296243,591,"NO",270,"YES",2,4.75,0.740043051,51,"NO"
"91276","Linked Directly to Google Search Result",".com","100KB/s to 1MB/s",242,8628556,580,"NO",831,"NO",3,4.84,0.213030729,73,"NO"
"59795","Linked Directly to Google Search Result",".com","100KB/s to 1MB/s",174,791695,525,"YES",60,"NO",1,4.63,0.769712086,55,"NO"
"124100","Linked Directly to Google Search Result",".edu","100KB/s to 1MB/s",783,4046606,670,"NO",339,"YES",2,4.22,-1.600066061,105,"NO"
"65204","Well Known Software Download Websites",".gov","100KB/s to 1MB/s",54,8095049,534,"NO",NA,"NO",1,5.28,-0.492712137,70,"YES"
"62105","Linked Directly to Google Search Result",".com","1MB/s to 10MB/s",217,20150793,761,"NO",2746,"NO",3,4.98,-1.185155325,68,"NO"
"82505","Linked Directly to Google Search Result",".net","1MB/s to 10MB/s",430,1614403,568,"NO",126,"YES",1,4.97,-0.391569625,96,"NO"
"132121","Linked Directly to Google Search Result",".com","100KB/s to 1MB/s",324,2342044,646,"NO",186,"YES",2,4.97,-1.142241585,63,"YES"
"32079","Well Known Software Download Websites",".net","100KB/s to 1MB/s",288,7864079,687,"NO",740,"NO",3,5.53,0.82472104,43,"YES"
"193430","Linked to Web Search Advertisment",".com","Less than 100 KB/s",49,14651144,674,"YES",1692,"YES",1,4.4,-1.152215199,74,"NO"
"116700","Wordpress Powered Web Site",".net","100KB/s to 1MB/s",132,6422061,560,"NO",579,"NO",2,5.04,-0.191744359,65,"NO"
"51429","Linked Directly to Google Search Result",".com","1MB/s to 10MB/s",901,3112396,623,"YES",254,"YES",2,5.08,0.054757076,88,"NO"
"103909","Well Known Software Download Websites",".com","100KB/s to 1MB/s",252,10732352,619,"NO",1102,"YES",2,4.51,0.906267,58,"NO"
"199286","Wordpress Powered Web Site",".com","1MB/s to 10MB/s",388,19970172,539,"NO",2706,"NO",1,4.11,-0.832728049,64,"YES"
"23595","Linked Directly to Google Search Result",".net","100KB/s to 1MB/s",300,4551563,594,"YES",388,"YES",4,5.73,-0.255923907,89,"YES"
"41583","Well Known Software Download Websites",".gov","100KB/s to 1MB/s",339,3146581,669,"NO",257,"YES",1,5.74,0.056006458,49,"YES"
"43712","Email",NA,NA,NA,10129048,579,"NO",1021,"YES",2,5.35,1.288809752,79,"NO"
"157640","Linked Directly to Google Search Result",".gov","1MB/s to 10MB/s",180,11186074,582,"YES",1164,"YES",2,4.94,-0.294201343,60,"NO"
"13275","Linked Directly to Google Search Result",".net","1MB/s to 10MB/s",48,10130447,517,"NO",1021,"YES",2,4.8,-0.679377974,40,"NO"
"69999","University Web Pages",".net","100KB/s to 1MB/s",193,3058590,681,"YES",249,"YES",1,5.33,-1.05739838,67,"YES"
"47354","Email",NA,NA,NA,9922652,500,"NO",994,"YES",2,5.67,-0.061750358,78,"YES"
"84964","Well Known Software Download Websites",".com","1MB/s to 10MB/s",175,17860412,281,"YES",2272,"NO",2,4.25,0.115144785,61,"YES"
"15892","Well Known Software Download Websites",".edu","100KB/s to 1MB/s",789,33402892,632,"YES",6778,"YES",2,5.57,0.554055105,93,"YES"
"142537","Git Repository",".com","1MB/s to 10MB/s",241,6338290,508,"YES",570,"YES",1,4.79,-0.026308919,89,"YES"
"157765","Well Known Software Download Websites",".com","Less than 100 KB/s",135,13458489,669,"NO",1500,"NO",2,5.35,0.334324293,28,"NO"
"28655","Linked Directly to Google Search Result",".com","100KB/s to 1MB/s",167,26898132,756,"YES",4489,"YES",2,3.86,0.973705553,65,"NO"
"123060","Wordpress Powered Web Site",".com","1MB/s to 10MB/s",511,5573654,689,"NO",490,"NO",2,5.48,-0.090863737,67,"YES"
"113065","Email",NA,NA,NA,30417017,794,"NO",5643,"YES",1,4.31,-1.734086981,84,"NO"
"5720","Well Known Software Download Websites",".com","100KB/s to 1MB/s",103,9976321,671,"NO",1001,"YES",3,4.07,-1.242917328,81,"NO"
"8496","Well Known Software Download Websites",".com","100KB/s to 1MB/s",307,2468239,633,"NO",NA,"YES",2,4.37,-0.810747698,81,"NO"
"159443","Git Repository",".com","Less than 100 KB/s",235,15455129,713,"NO",1829,"YES",2,3.85,2.340013594,60,"NO"
"23850","Wordpress Powered Web Site",".com","100KB/s to 1MB/s",344,9195883,546,"NO",NA,"YES",1,4.43,-0.072256257,60,"NO"
"84745","Linked Directly to Google Search Result",".com","100KB/s to 1MB/s",30,23075001,580,"NO",3433,"YES",3,5.08,1.064687115,80,"YES"
"2190","Linked Directly to Google Search Result",".com","100KB/s to 1MB/s",152,13544612,600,"NO",1513,"YES",2,4.83,0.286828904,37,"NO"
"152485","Well Known Software Download Websites",".com","Less than 100 KB/s",535,8754482,559,"YES",NA,"YES",2,5.04,-1.284115017,79,"YES"
"59157","Well Known Software Download Websites",".com","100KB/s to 1MB/s",46,1988863,551,"YES",157,"NO",2,5.39,-0.993050245,69,"NO"
"69806","Linked Directly to Google Search Result",".com","100KB/s to 1MB/s",165,8115809,559,"NO",770,"YES",2,5.04,0.314024174,56,"NO"
"86003","Well Known Software Download Websites",".com","100KB/s to 1MB/s",49,16055600,676,"NO",1934,"NO",2,5.07,0.318094551,71,"NO"
"180078","Linked Directly to Google Search Result",".edu","1MB/s to 10MB/s",130,1967771,633,"NO",155,"YES",2,5.17,1.547770394,66,"NO"
"13536","Well Known Software Download Websites",".com","1MB/s to 10MB/s",141,11182494,505,"NO",1164,"YES",2,4.78,-0.899791325,85,"YES"
"69154","Email",NA,NA,NA,2800351,611,"NO",226,"YES",4,4.69,0.797860187,65,"NO"
"133791","Git Repository",".net","100KB/s to 1MB/s",434,17739230,672,"NO",2248,"YES",2,4.42,-1.511982653,63,"NO"
"103339","Git Repository",".gov","1MB/s to 10MB/s",94,11777746,330,"NO",1248,"NO",3,4.35,0.190586637,69,"YES"
"22497","Email",NA,NA,NA,4318635,585,"YES",NA,"YES",2,4.59,-1.099583741,86,"YES"
"189240","Email",NA,NA,NA,5585841,631,"YES",491,"YES",2,4.59,0.712891014,51,"NO"
"151863","Linked Directly to Google Search Result",".net.au","Less than 100 KB/s",200,11782276,495,"YES",1248,"NO",1,4.84,0.724614999,80,"NO"
"88707","Email",NA,NA,NA,14749554,415,"YES",1709,"YES",1,4.81,1.397681018,82,"YES"
"20175","Linked Directly to Google Search Result",".edu","100KB/s to 1MB/s",719,6775596,597,"NO",617,"YES",1,5.74,1.171692181,70,"YES"
"54891","Email",NA,NA,NA,24523946,598,"YES",3811,"YES",2,5.2,-0.39965447,103,"YES"
"46006","Linked Directly to Google Search Result",".net","1MB/s to 10MB/s",659,13975113,636,"YES",1582,"NO",2,4.04,-0.375405155,68,"YES"
"135499","University Web Pages",".gov","100KB/s to 1MB/s",499,5529474,609,"NO",485,"YES",2,4.75,0.588203547,79,"NO"
"22838","Well Known Software Download Websites",".edu","100KB/s to 1MB/s",117,12844593,518,"NO",1405,"NO",2,4.59,-0.514464919,65,"NO"
"11645","Well Known Software Download Websites",".com","1MB/s to 10MB/s",328,11908881,808,"NO",1267,"YES",1,4.21,2.402120025,75,"NO"
"130978","Email",NA,NA,NA,1205926,603,"YES",93,"YES",2,5.4,0.65798119,43,"YES"
"181448","Wordpress Powered Web Site",".com","Less than 100 KB/s",191,16790427,592,"NO",2068,"NO",3,4.7,-1.2037503,60,"NO"
"99443","Well Known Software Download Websites",".com","100KB/s to 1MB/s",68,8613760,614,"NO",830,"NO",4,5.27,-1.17040479,70,"NO"
"182964","Wordpress Powered Web Site",".com","1MB/s to 10MB/s",111,1702056,417,"NO",133,"YES",1,4.57,-1.166683926,59,"YES"
"146480","Well Known Software Download Websites",".com","Less than 100 KB/s",118,11437747,524,"YES",1199,"NO",2,5.24,0.108888574,102,"NO"
"169369","Well Known Software Download Websites",".net","Less than 100 KB/s",35,7344290,584,"NO",681,"NO",1,5.31,-1.13066664,65,"NO"
"118454","Linked Directly to Google Search Result",".gov","100KB/s to 1MB/s",198,701073,626,"NO",53,"YES",2,5.27,-1.153321653,87,"YES"
"173234","Well Known Software Download Websites",".com","Less than 100 KB/s",177,2034382,523,"NO",160,"YES",1,5.25,-0.786338112,43,"YES"
"32431","Well Known Software Download Websites",".gov","100KB/s to 1MB/s",149,16398040,687,"YES",1996,"YES",1,5.03,1.053023013,63,"YES"
"43669","Wordpress Powered Web Site",".net","1MB/s to 10MB/s",240,10177239,401,"NO",1027,"NO",2,4.57,0.065810394,71,"YES"
"171336","Well Known Software Download Websites",".com","Less than 100 KB/s",228,8665134,634,"YES",836,"YES",1,4.25,-0.588994537,87,"NO"
"128547","Linked Directly to Google Search Result",".com","100KB/s to 1MB/s",352,11489361,722,"NO",1207,"YES",1,3.75,0.035121386,57,"NO"
"63703","Well Known Software Download Websites",".net","1MB/s to 10MB/s",316,7588115,686,"NO",709,"NO",2,5.67,-0.735877003,60,"YES"
"173741","Well Known Software Download Websites",".gov","Less than 100 KB/s",34,13509024,743,"NO",1508,"NO",2,5.46,-0.56001961,37,"YES"
"110550","Email",NA,NA,NA,2578806,481,"NO",207,"YES",3,4.91,-1.774645195,37,"NO"
"192781","Linked Directly to Google Search Result",".gov","Less than 100 KB/s",126,1598998,428,"YES",124,"YES",2,5.6,1.975552765,91,"YES"
"8265","Linked Directly to Google Search Result",".com","1MB/s to 10MB/s",221,5625909,746,"YES",495,"NO",1,5.22,0.581437587,76,"NO"
"11213","Linked Directly to Google Search Result",".gov","100KB/s to 1MB/s",339,3842300,681,"YES",320,"NO",1,5.19,-0.361164922,51,"NO"
"185765","Email",NA,NA,NA,3985554,545,"NO",334,"YES",1,5.27,-0.756975309,87,"YES"
"150615","Git Repository",".edu","Less than 100 KB/s",383,5560151,646,"YES",488,"NO",2,5.37,2.510398219,85,"NO"
"102755","Linked Directly to Google Search Result",".gov","100KB/s to 1MB/s",121,307546,603,"NO",23,"YES",1,4.95,0.173940562,43,"NO"
"49833","Well Known Software Download Websites",".com","100KB/s to 1MB/s",85,9984357,656,"YES",1002,"NO",4,5.74,-1.970053464,70,"YES"
"109515","Email",NA,NA,NA,7214194,691,"NO",666,"NO",3,5.34,-0.286288237,81,"YES"
"152911","University Web Pages",".net","Less than 100 KB/s",525,85859,702,"YES",6,"NO",1,5.62,-0.036216272,106,"NO"
"150774","Linked Directly to Google Search Result",".edu","1MB/s to 10MB/s",257,3321509,685,"YES",273,"NO",2,5.15,-0.187763905,79,"NO"
"173291","Linked Directly to Google Search Result",".com","Less than 100 KB/s",287,13869847,767,"NO",1565,"NO",2,5.17,-1.086652961,70,"YES"
"8240","Well Known Software Download Websites",".gov","1MB/s to 10MB/s",524,7629437,678,"NO",713,"NO",2,5.02,1.213100189,71,"NO"
"21349","Email",NA,NA,NA,8573164,534,"NO",825,"NO",2,4.33,-0.15628113,49,"YES"
"66039","Linked Directly to Google Search Result",".gov","Greater than 10MB/s",348,3666873,585,"YES",304,"YES",2,4.68,-1.022766513,65,"NO"
"104549","Linked Directly to Google Search Result",".net","100KB/s to 1MB/s",338,3086648,510,"NO",251,"YES",1,5.07,1.903074674,66,"NO"
"62958","Email",NA,NA,NA,10946718,662,"NO",1131,"YES",3,5.15,1.088976361,80,"YES"
"145651","Linked Directly to Google Search Result",".edu","Less than 100 KB/s",96,6494794,614,"NO",587,"YES",1,4.36,-0.448145781,64,"NO"
"24936","Linked Directly to Google Search Result",".net","1MB/s to 10MB/s",646,10395336,632,"NO",1056,"NO",1,4.97,0.363630447,90,"NO"
"90824","Linked Directly to Google Search Result",".com","100KB/s to 1MB/s",123,7687873,503,"YES",720,"NO",2,5.23,0.179587868,65,"NO"
"49881","Linked Directly to Google Search Result",".gov","1MB/s to 10MB/s",699,8426636,726,"YES",807,"NO",1,5.14,1.029101349,54,"NO"
"103678","Well Known Software Download Websites",".gov","100KB/s to 1MB/s",98,18849874,375,"NO",2470,"NO",2,5.49,1.47900586,63,"NO"
"94090","Linked Directly to Google Search Result",".gov","100KB/s to 1MB/s",367,2546186,564,"NO",204,"NO",2,5.42,-0.665069496,74,"NO"
"105752","Well Known Software Download Websites",".com","100KB/s to 1MB/s",293,2775939,493,"YES",224,"NO",2,5.11,0.95917711,104,"NO"
"154530","Wordpress Powered Web Site",".net","Less than 100 KB/s",169,14862590,750,"NO",1727,"NO",2,5.26,-0.246074883,60,"YES"
"58255","Well Known Software Download Websites",".com","100KB/s to 1MB/s",216,25574022,510,"YES",4102,"YES",1,5.17,0.187488833,51,"YES"
"16888","Linked Directly to Google Search Result",".net","100KB/s to 1MB/s",83,1600997,610,"NO",124,"YES",2,5.61,0.609509188,65,"YES"
"131655","Wordpress Powered Web Site",".net","100KB/s to 1MB/s",233,29665433,797,"NO",5380,"YES",1,3.95,0.48440584,59,"NO"
"134519","Git Repository",".com","100KB/s to 1MB/s",461,4802800,605,"NO",412,"YES",2,5.24,0.708484682,51,"YES"
"104858","Linked Directly to Google Search Result",".com","1MB/s to 10MB/s",33,8065593,651,"NO",764,"NO",2,4.4,-0.31583469,61,"YES"
"95875","Linked Directly to Google Search Result",".edu","1MB/s to 10MB/s",246,15720335,421,"YES",1875,"NO",1,4.17,-0.206321644,60,"YES"
"89142","Well Known Software Download Websites",".com","100KB/s to 1MB/s",452,2721774,540,"YES",219,"YES",1,5.29,-0.791983797,68,"YES"
"187781","Well Known Software Download Websites",".net","Less than 100 KB/s",NA,10078817,500,"NO",1014,"NO",2,4.43,-0.795407058,79,"NO"
"95517","Linked Directly to Google Search Result",".com","100KB/s to 1MB/s",366,8724092,500,"NO",843,"YES",2,5.71,-0.750717824,46,"NO"
"58973","Email",NA,NA,NA,5955739,588,"NO",529,"NO",1,5.41,1.73910721,63,"NO"
"18359","Well Known Software Download Websites",".edu","100KB/s to 1MB/s",453,809345,591,"YES",61,"YES",2,4.28,-0.725923473,83,"NO"
"111799","Well Known Software Download Websites",".com","100KB/s to 1MB/s",99,390557,560,"YES",29,"NO",1,5.71,-0.272382822,63,"NO"
"82158","Well Known Software Download Websites",".net","100KB/s to 1MB/s",537,4730823,733,"NO",405,"YES",1,4.64,0.221920602,46,"YES"
"19311","University Web Pages",".com","100KB/s to 1MB/s",257,6928328,596,"YES",634,"NO",2,5.39,-0.527062917,85,"NO"
"43670","Well Known Software Download Websites",".com","100KB/s to 1MB/s",243,4050821,596,"NO",340,"YES",1,6.02,0.152764235,62,"YES"
"94823","Well Known Software Download Websites",".net","100KB/s to 1MB/s",419,11504701,459,"NO",NA,"NO",3,5.15,0.774095201,85,"NO"
"190552","Linked Directly to Google Search Result",".com","1MB/s to 10MB/s",136,1527690,616,"NO",118,"YES",2,4.5,0.363138446,48,"NO"
"117732","Linked Directly to Google Search Result",".com","100KB/s to 1MB/s",162,4948637,601,"NO",427,"YES",3,5.34,-0.406807729,66,"YES"
"54024","Well Known Software Download Websites",".gov","100KB/s to 1MB/s",120,12950540,708,"YES",1421,"YES",2,4.41,0.091467502,54,"NO"
"44460","Wordpress Powered Web Site",".net","100KB/s to 1MB/s",91,16210934,591,"YES",NA,"NO",1,5.13,-1.187997921,54,"NO"
"108882","Linked Directly to Google Search Result",".com","100KB/s to 1MB/s",124,5431666,553,"NO",475,"YES",1,5.75,-0.797167887,103,"YES"
"196566","Email",NA,NA,NA,20192261,436,"NO",2755,"YES",1,4.97,-0.088026258,39,"YES"
"16716","Well Known Software Download Websites",".org","100KB/s to 1MB/s",129,1648088,655,"NO",128,"YES",1,4.91,-0.427387094,39,"NO"
"147173","Well Known Software Download Websites",".com","Less than 100 KB/s",235,8937152,622,"YES",869,"YES",2,4.26,0.591042093,80,"NO"
"118729","Wordpress Powered Web Site",".net","100KB/s to 1MB/s",328,828842,519,"YES",63,"YES",1,5.16,0.502712983,87,"YES"
"6395","Well Known Software Download Websites",".com","100KB/s to 1MB/s",116,1420003,539,"YES",110,"YES",1,4.79,-0.996197427,77,"YES"
"65035","Wordpress Powered Web Site",".edu","100KB/s to 1MB/s",129,2374316,602,"YES",189,"YES",1,5.64,-0.716122354,80,"YES"
"118485","Well Known Software Download Websites",".net","1MB/s to 10MB/s",137,14429209,578,"NO",1655,"YES",3,4.86,0.391976577,56,"NO"
"74906","Linked Directly to Google Search Result",".com","100KB/s to 1MB/s",358,8214274,526,"NO",782,"NO",2,4.98,-1.246563817,85,"NO"
"124855","Wordpress Powered Web Site",".net","100KB/s to 1MB/s",90,1222257,633,"NO",94,"YES",1,4.11,1.075339154,71,"NO"
"43434","Well Known Software Download Websites",".net","1MB/s to 10MB/s",93,845333,688,"NO",64,"YES",2,4.52,1.281759049,90,"NO"
"36497","Wordpress Powered Web Site",".edu","100KB/s to 1MB/s",59,5644889,528,"YES",497,"YES",2,4.57,0.971087114,64,"NO"
"137659","Linked Directly to Google Search Result",".com","100KB/s to 1MB/s",317,6551472,634,"NO",593,"NO",1,5.5,0.307477432,46,"NO"
"53280","Well Known Software Download Websites",".gov","100KB/s to 1MB/s",266,9732370,633,"YES",969,"YES",2,4.29,-3.002746595,63,"NO"
"182799","Wordpress Powered Web Site",".com","Less than 100 KB/s",369,427846,635,"NO",32,"YES",2,5.26,-0.671354419,68,"YES"
"120063","Linked to Web Search Advertisment",".net","100KB/s to 1MB/s",39,12994360,666,"NO",1428,"YES",1,4.87,1.17725394,75,"YES"
"71115","Linked Directly to Google Search Result",".gov","100KB/s to 1MB/s",99,4429403,649,"NO",376,"NO",1,5.45,-0.609729248,74,"YES"
"154656","Linked Directly to Google Search Result",".com","1MB/s to 10MB/s",241,24796435,451,"YES",3885,"NO",2,5.12,-1.969522123,72,"NO"
"13732","Well Known Software Download Websites",".com","1MB/s to 10MB/s",54,168754,684,"NO",12,"YES",1,4.46,-0.283421019,85,"YES"
"79488","Well Known Software Download Websites",".com","1MB/s to 10MB/s",293,11630826,315,"NO",1227,"YES",1,4.8,0.590090716,75,"YES"
"106703","Email",NA,NA,NA,2082057,517,"YES",164,"YES",1,4.44,0.417240427,85,"YES"
"66627","Well Known Software Download Websites",".net","Greater than 10MB/s",118,634556,570,"NO",48,"YES",1,4.38,1.363325521,78,"NO"
"10667","Email",NA,NA,NA,1789312,569,"YES",140,"YES",2,4.47,0.913238867,82,"YES"
"133498","Linked Directly to Google Search Result",".net","100KB/s to 1MB/s",128,10350447,709,"YES",1050,"NO",1,5.49,0.492855577,66,"YES"
"124157","Linked to Web Search Advertisment",".net","100KB/s to 1MB/s",151,4576376,656,"NO",390,"YES",2,5.54,-0.010364687,69,"YES"
"70873","Well Known Software Download Websites",".com","100KB/s to 1MB/s",377,17189934,438,"NO",2143,"YES",2,5.09,-1.254189878,73,"YES"
"168991","Linked Directly to Google Search Result",".com","1MB/s to 10MB/s",91,1546022,601,"NO",120,"YES",2,4.51,-0.276746962,46,"YES"
"191642","Email",NA,NA,NA,15435281,472,"NO",1825,"NO",3,5.01,0.284152976,79,"NO"
"140254","Well Known Software Download Websites",".net","1MB/s to 10MB/s",78,16546015,576,"NO",2023,"NO",2,5.11,-0.013494079,44,"NO"
"87797","Linked Directly to Google Search Result",".net","100KB/s to 1MB/s",333,8439959,684,"NO",809,"YES",1,4.17,1.429832408,69,"NO"
"22779","Linked Directly to Google Search Result",".gov","100KB/s to 1MB/s",612,4727598,570,"YES",405,"YES",1,5.64,0.181038676,85,"YES"
"58036","Linked Directly to Google Search Result",".net","100KB/s to 1MB/s",69,15009399,485,"YES",1752,"NO",2,5.53,0.103358286,34,"NO"
"20648","Linked Directly to Google Search Result",".com","1MB/s to 10MB/s",99,5158536,316,"YES",448,"YES",2,4.81,-0.437356999,34,"YES"
"119450","Email",NA,NA,NA,2236110,660,"NO",NA,"YES",2,4.6,-0.372254047,61,"YES"
"19621","Linked Directly to Google Search Result",".com","1MB/s to 10MB/s",328,4180226,480,"NO",352,"NO",2,4.59,0.692102188,89,"YES"
"78559","Linked Directly to Google Search Result",".com","1MB/s to 10MB/s",635,33219900,561,"YES",6704,"NO",2,5.36,-0.878633814,57,"NO"
"138329","Git Repository",".com","100KB/s to 1MB/s",102,37627,710,"NO",2,"YES",1,5.62,0.339621083,86,"YES"
"176245","Well Known Software Download Websites",".com","Less than 100 KB/s",179,1811703,641,"NO",142,"YES",1,5.33,0.614577638,55,"YES"
"19034","Linked Directly to Google Search Result",".com","1MB/s to 10MB/s",87,21771656,632,"YES",NA,"NO",2,5.51,-1.722978317,74,"NO"
"30051","Wordpress Powered Web Site",".net","100KB/s to 1MB/s",140,9229639,751,"YES",906,"NO",4,5.24,0.499175213,51,"YES"
"90473","Linked Directly to Google Search Result",".net","100KB/s to 1MB/s",143,7276513,481,"YES",673,"YES",1,5.11,-1.551412071,58,"NO"
"96763","Well Known Software Download Websites",".com","100KB/s to 1MB/s",174,27054192,521,"YES",4536,"NO",2,4.79,-0.559519883,94,"NO"
"133363","Wordpress Powered Web Site",".net","1MB/s to 10MB/s",302,9648361,500,"YES",959,"NO",2,4.34,0.402854934,99,"YES"
"52052","Email",NA,NA,NA,13558689,669,"YES",1515,"NO",1,5.52,-1.204962788,54,"NO"
"33377","Wordpress Powered Web Site",".net","100KB/s to 1MB/s",753,6589137,653,"NO",597,"YES",2,4.52,-0.446731511,88,"NO"
"125767","Wordpress Powered Web Site",".com","100KB/s to 1MB/s",112,16110588,672,"YES",1944,"YES",2,4.53,-1.252736876,81,"NO"
"25799","Well Known Software Download Websites",".net","1MB/s to 10MB/s",247,7900818,722,"YES",745,"NO",2,5.08,-0.258668809,82,"NO"
"85650","Linked Directly to Google Search Result",".net","100KB/s to 1MB/s",142,400863,594,"NO",30,"YES",2,5.45,-0.001602887,65,"YES"
"81087","Email",NA,NA,NA,393061,557,"NO",29,"YES",1,5.66,-1.47730736,72,"YES"
"157391","Well Known Software Download Websites",".com","Less than 100 KB/s",270,909939,458,"YES",69,"YES",2,5.28,-0.747653443,64,"YES"
"27080","Well Known Software Download Websites",".com","1MB/s to 10MB/s",307,3662734,631,"NO",304,"NO",2,5.25,0.738259216,46,"NO"
"187152","Well Known Software Download Websites",".com","Less than 100 KB/s",65,17441329,702,"YES",2191,"YES",1,4.06,0.169484018,71,"NO"
"128299","Linked Directly to Google Search Result",".gov","100KB/s to 1MB/s",86,4837650,459,"NO",416,"YES",3,4.89,1.660115537,100,"YES"
"70053","Linked Directly to Google Search Result",".net","100KB/s to 1MB/s",121,9884984,609,"YES",NA,"YES",1,5.13,0.673378536,73,"YES"
"191180","Linked Directly to Google Search Result",".com","Less than 100 KB/s",159,306732,653,"NO",23,"YES",2,5.57,-0.659635753,51,"YES"
"11628","Email",NA,NA,NA,9927731,595,"YES",995,"YES",1,4.22,1.454078654,63,"YES"
"24459","Wordpress Powered Web Site",".com","100KB/s to 1MB/s",383,12961661,665,"YES",1423,"YES",2,4.7,0.045001411,80,"NO"
"152613","Linked Directly to Google Search Result",".com","Less than 100 KB/s",NA,5507476,597,"NO",NA,"NO",1,5.3,0.12093193,72,"NO"
"194147","Linked Directly to Google Search Result",".net","1MB/s to 10MB/s",146,38146187,454,"NO",8927,"NO",1,5.69,-1.006956582,76,"NO"
"139552","Linked Directly to Google Search Result",".com","100KB/s to 1MB/s",118,11898102,731,"YES",1265,"YES",1,4.09,-1.811447981,65,"NO"
"71495","Well Known Software Download Websites",".com","100KB/s to 1MB/s",81,8630065,630,"NO",832,"NO",1,5.78,-0.956399374,65,"YES"
"110878","Wordpress Powered Web Site",".com","100KB/s to 1MB/s",424,3657351,651,"NO",303,"NO",2,4.85,1.504223075,77,"YES"
"156581","Linked Directly to Google Search Result",".com","1MB/s to 10MB/s",569,4627086,457,"NO",395,"NO",3,4.44,1.688981553,65,"YES"
"15764","Linked Directly to Google Search Result",".net","100KB/s to 1MB/s",50,138447,600,"NO",10,"NO",1,5.35,0.142327389,80,"NO"
"36202","Linked Directly to Google Search Result",".gov","100KB/s to 1MB/s",294,17904171,625,"YES",2280,"NO",1,4.82,0.193034486,58,"NO"
"168394","Linked Directly to Google Search Result",".com","Less than 100 KB/s",143,8437657,670,"YES",808,"NO",1,5.5,-0.435858643,74,"NO"
"21600","Well Known Software Download Websites",".net","100KB/s to 1MB/s",234,2867587,682,"YES",232,"NO",4,5.31,0.778861335,63,"NO"
"122183","Linked Directly to Google Search Result",".com","100KB/s to 1MB/s",197,7442647,642,"YES",692,"NO",3,5.04,1.173802009,70,"NO"
"53486","Well Known Software Download Websites",".com","100KB/s to 1MB/s",215,7811046,507,"NO",734,"YES",1,5.49,0.095011142,53,"YES"
"130848","Wordpress Powered Web Site",".com","100KB/s to 1MB/s",363,5785442,401,"YES",512,"YES",2,5.23,-1.380422923,69,"NO"
"169630","Well Known Software Download Websites",".com","Less than 100 KB/s",87,4063758,653,"YES",341,"YES",2,5.28,1.357295765,83,"YES"
"114955","Wordpress Powered Web Site",".com","1MB/s to 10MB/s",320,1604631,624,"NO",125,"YES",2,4.6,0.322714882,37,"YES"
"52691","Git Repository",".com","100KB/s to 1MB/s",38,7100021,667,"NO",653,"YES",1,3.91,-0.554670416,81,"NO"
"141234","Email",NA,NA,NA,5362562,656,"NO",468,"YES",2,4.53,0.96437625,90,"NO"
"17332","Wordpress Powered Web Site",".net","100KB/s to 1MB/s",677,3098662,606,"YES",253,"NO",1,5.34,-0.882347205,68,"NO"
"134190","Linked Directly to Google Search Result",".com","100KB/s to 1MB/s",247,15460365,688,"YES",1830,"YES",1,3.93,0.426223674,64,"NO"
"50496","Well Known Software Download Websites",".com","Greater than 10MB/s",332,18209695,659,"YES",2341,"YES",2,4.12,-1.321883181,77,"NO"
"156777","Well Known Software Download Websites",".gov","Less than 100 KB/s",53,3683900,542,"NO",306,"YES",2,5.2,1.015976784,87,"YES"
"47752","Email",NA,NA,NA,9259806,476,"NO",NA,"YES",3,4.94,-0.414984712,46,"YES"
"167586","Linked Directly to Google Search Result",".net","Less than 100 KB/s",147,20556164,687,"YES",2835,"YES",2,4.98,0.524786923,61,"NO"
"111863","Well Known Software Download Websites",".com","1MB/s to 10MB/s",129,632868,599,"YES",47,"YES",2,4.83,-0.166125339,71,"NO"
"193695","Email",NA,NA,NA,11776355,463,"NO",1247,"YES",3,4.93,-0.037717216,84,"YES"
"11510","Email",NA,NA,NA,8841237,601,"NO",857,"NO",2,5.57,0.282550968,92,"NO"
"6974","Git Repository",".edu","1MB/s to 10MB/s",34,14688351,623,"NO",1698,"YES",2,4.78,1.460506653,74,"NO"
"613","Linked Directly to Google Search Result",".net","100KB/s to 1MB/s",341,6819276,718,"NO",622,"YES",2,4.13,0.279238585,101,"NO"
"145450","Well Known Software Download Websites",".net","Less than 100 KB/s",NA,101593,449,"NO",7,"YES",1,5.49,0.722032049,68,"NO"
"67570","Well Known Software Download Websites",".edu","100KB/s to 1MB/s",76,10846244,560,"YES",1117,"YES",1,5.56,1.851079629,93,"NO"
"142517","Linked Directly to Google Search Result",".net","100KB/s to 1MB/s",133,6715555,536,"NO",611,"NO",2,5.61,-0.549430902,36,"NO"
"72443","Email",NA,NA,NA,2153332,627,"YES",170,"YES",1,6.06,0.906648837,74,"YES"
"77169","Linked Directly to Google Search Result",".com","100KB/s to 1MB/s",305,16341462,550,"YES",1986,"NO",1,5.65,1.361937763,67,"NO"
"21517","Wordpress Powered Web Site",".com","1MB/s to 10MB/s",218,17362842,669,"NO",2176,"NO",3,4.69,-0.217731694,70,"NO"
"193840","Wordpress Powered Web Site",".com","Less than 100 KB/s",54,21442434,565,"NO",NA,"YES",2,5.11,-1.40153702,73,"YES"
"60107","Email",NA,NA,NA,1133708,452,"NO",87,"YES",2,5.26,0.375320105,49,"YES"
"47305","Well Known Software Download Websites",".net","1MB/s to 10MB/s",657,9213443,657,"YES",903,"NO",2,4.94,1.007229291,89,"NO"
"152001","Linked Directly to Google Search Result",".com","Less than 100 KB/s",176,3618165,621,"YES",300,"NO",1,5.35,-1.00145957,69,"NO"
"5343","Well Known Software Download Websites",".net","100KB/s to 1MB/s",576,272066,597,"NO",20,"YES",1,5.57,-0.534537432,58,"YES"
"105507","Email",NA,NA,NA,2076635,634,"NO",164,"NO",2,5.09,-2.342739378,101,"NO"
"150481","Email",NA,NA,NA,20459266,272,"NO",2814,"NO",1,4.17,-0.708573901,49,"YES"
"25362","Well Known Software Download Websites",".net","100KB/s to 1MB/s",90,8940910,606,"NO",870,"NO",2,4.74,1.143276617,71,"NO"
"137872","University Web Pages",".edu","100KB/s to 1MB/s",40,9423639,600,"YES",930,"YES",3,4.93,1.360878257,98,"YES"
"104702","Well Known Software Download Websites",".com","100KB/s to 1MB/s",85,13686611,666,"NO",1536,"YES",2,4.08,-0.11556407,86,"NO"
"173832","Linked Directly to Google Search Result",".com","1MB/s to 10MB/s",118,6368201,649,"YES",NA,"YES",2,4.28,-0.871378331,71,"YES"
"48950","Well Known Software Download Websites",".net","100KB/s to 1MB/s",366,6742001,720,"NO",614,"NO",2,5.56,-0.963295122,75,"YES"
"182363","Git Repository",".net","Less than 100 KB/s",45,11578475,795,"NO",1219,"NO",2,5.45,-0.6331639,43,"YES"
"115415","Linked Directly to Google Search Result",".com","1MB/s to 10MB/s",105,7099217,463,"NO",653,"YES",2,4.72,0.714891591,68,"YES"
"108677","Email",NA,NA,NA,12264207,471,"NO",1318,"YES",3,5.53,-0.515520235,162,"YES"
"107517","Well Known Software Download Websites",".net","100KB/s to 1MB/s",198,35701602,475,"NO",7763,"YES",2,5.46,-0.894835001,53,"YES"
"156085","Wordpress Powered Web Site",".org","Less than 100 KB/s",547,4020046,624,"NO",337,"NO",2,5.53,0.100387618,80,"NO"
"93723","Wordpress Powered Web Site",".gov","100KB/s to 1MB/s",222,5617127,537,"NO",494,"YES",2,4.79,0.468158939,59,"YES"
"173476","Wordpress Powered Web Site",".gov","Less than 100 KB/s",383,7012599,599,"NO",644,"YES",2,5.15,-0.338967508,63,"YES"
"23161","Email",NA,NA,NA,14403307,572,"YES",1651,"YES",2,4.71,0.074718889,59,"NO"
"198276","Email",NA,NA,NA,20573446,726,"YES",2839,"YES",1,4.21,0.837934148,45,"NO"
"20972","Wordpress Powered Web Site",".net","1MB/s to 10MB/s",71,9444113,626,"NO",933,"YES",1,4.8,0.138498853,73,"YES"
"102523","Linked Directly to Google Search Result",".edu","100KB/s to 1MB/s",109,3234696,466,"YES",265,"YES",2,5.21,1.132174677,60,"NO"
"80230","Linked Directly to Google Search Result",".net.au","100KB/s to 1MB/s",72,4623009,673,"NO",NA,"YES",1,4.11,-2.183492744,60,"NO"
"57280","Linked Directly to Google Search Result",".gov","100KB/s to 1MB/s",306,8974327,502,"NO",874,"NO",1,5.26,0.258314341,101,"NO"
"38600","Well Known Software Download Websites",".edu","100KB/s to 1MB/s",131,22181038,639,"YES",3213,"YES",2,4.3,-2.219878621,99,"NO"
"91958","Well Known Software Download Websites",".net","100KB/s to 1MB/s",78,10951425,616,"YES",1132,"YES",3,4.11,-0.009624168,72,"NO"
"124352","Well Known Software Download Websites",".net","100KB/s to 1MB/s",128,884097,506,"NO",67,"YES",2,5.26,-1.379185933,84,"YES"
"84740","Linked Directly to Google Search Result",".gov","100KB/s to 1MB/s",297,7571753,656,"NO",707,"YES",3,5.17,0.712949147,86,"YES"
"56411","Linked Directly to Google Search Result",".net","100KB/s to 1MB/s",292,8854147,674,"NO",859,"YES",2,5.13,-0.33750421,94,"YES"
"113187","Email",NA,NA,NA,10872597,638,"NO",1121,"NO",1,4.87,-0.854923129,54,"NO"
"50790","Linked Directly to Google Search Result",".net","100KB/s to 1MB/s",331,2613453,653,"NO",210,"YES",1,4.41,-0.734721983,58,"NO"
"169787","Well Known Software Download Websites",".com","Less than 100 KB/s",557,13465544,552,"YES",1501,"NO",2,4.89,-0.485274117,65,"NO"
"68347","Email",NA,NA,NA,6623581,509,"YES",601,"YES",1,4.79,0.843850258,68,"NO"
"150691","Wordpress Powered Web Site",".com","1MB/s to 10MB/s",71,1719151,588,"NO",134,"YES",2,4.42,-1.287777667,71,"YES"
"19090","Linked Directly to Google Search Result",".com","100KB/s to 1MB/s",262,11807813,603,"YES",1252,"YES",1,4.94,-0.741044075,78,"NO"
"63401","Well Known Software Download Websites",".net","100KB/s to 1MB/s",38,2092643,685,"YES",165,"NO",2,4.71,0.014985862,54,"YES"
"28516","Well Known Software Download Websites",".com","100KB/s to 1MB/s",96,1420893,568,"YES",110,"YES",1,5.12,-0.265924244,87,"YES"
"42617","Well Known Software Download Websites",".net","100KB/s to 1MB/s",262,2467864,606,"NO",197,"NO",1,5.17,-0.945974378,76,"NO"
"118059","Well Known Software Download Websites",".com","1MB/s to 10MB/s",384,10685083,420,"NO",1095,"YES",1,4.22,-0.079738401,81,"YES"
"118949","Email",NA,NA,NA,8532297,646,"YES",820,"NO",3,5.49,0.130506572,66,"NO"
"22341","Linked Directly to Google Search Result",".net","100KB/s to 1MB/s",290,14168898,789,"YES",1613,"NO",3,5.47,1.319383593,74,"YES"
"37466","Well Known Software Download Websites",".net","1MB/s to 10MB/s",80,9795091,595,"NO",977,"YES",2,5.25,-0.428400516,65,"NO"
"14174","Linked Directly to Google Search Result",".com","100KB/s to 1MB/s",1046,3448617,540,"NO",284,"NO",2,5.6,0.552702315,88,"NO"
"43034","Well Known Software Download Websites",".com","1MB/s to 10MB/s",478,2010658,588,"NO",158,"YES",1,4.42,-0.021803347,67,"YES"
"180424","Linked Directly to Google Search Result",".gov","Less than 100 KB/s",309,6008991,607,"NO",535,"YES",1,5.19,0.317705211,89,"NO"
"199259","Email",NA,NA,NA,711375,550,"NO",54,"NO",3,5.09,0.28396551,85,"NO"
"52560","Well Known Software Download Websites",".com","1MB/s to 10MB/s",117,4660695,633,"YES",398,"YES",2,4.43,2.417646472,86,"YES"
"171797","Wordpress Powered Web Site",".com","Less than 100 KB/s",187,3815615,516,"NO",318,"NO",1,5.46,-1.785222664,84,"NO"
"34722","Git Repository",".com","100KB/s to 1MB/s",135,409440,592,"YES",30,"YES",1,4.78,-0.357709434,63,"NO"
"911","Linked Directly to Google Search Result",".com","100KB/s to 1MB/s",484,2964402,525,"NO",241,"YES",2,5.22,1.603712147,50,"YES"
"168676","Linked Directly to Google Search Result",".com","Greater than 10MB/s",84,13762963,478,"YES",1548,"NO",2,5.67,-1.20157287,85,"NO"
"75052","Linked Directly to Google Search Result",".com","100KB/s to 1MB/s",467,7961151,637,"NO",752,"YES",2,4.33,-0.056994299,61,"NO"
"87807","Email",NA,NA,NA,2564455,557,"YES",NA,"NO",1,5.3,0.195130949,41,"NO"
"4063","Linked Directly to Google Search Result",".net","100KB/s to 1MB/s",174,7740365,503,"NO",726,"YES",1,5.85,0.766305675,61,"YES"
"100560","Linked Directly to Google Search Result",".com","100KB/s to 1MB/s",79,162719,578,"YES",12,"YES",1,4.98,-0.545984231,91,"YES"
"110511","Linked Directly to Google Search Result",".net","100KB/s to 1MB/s",186,18536686,540,"YES",2406,"YES",2,4.54,-1.01369098,71,"NO"
"132937","Well Known Software Download Websites",".net","Greater than 10MB/s",81,8181524,623,"YES",778,"YES",3,4.1,0.586871196,46,"NO"
"24410","Linked Directly to Google Search Result",".net","100KB/s to 1MB/s",336,11204430,504,"YES",1167,"YES",2,4.99,0.075832822,83,"YES"
"60565","Git Repository",".gov","1MB/s to 10MB/s",245,13110332,488,"YES",1446,"NO",3,4.45,0.474487225,60,"YES"
"162667","Linked Directly to Google Search Result",".net","1MB/s to 10MB/s",592,17181077,505,"YES",2141,"NO",2,4.01,-0.530629725,92,"YES"
"168293","Linked Directly to Google Search Result",".com","Less than 100 KB/s",NA,6654858,558,"NO",604,"YES",1,5.3,-0.153797522,63,"YES"
"107986","Well Known Software Download Websites",".net","100KB/s to 1MB/s",706,4381670,665,"NO",371,"YES",2,5.26,-0.070042298,63,"YES"
"44425","Well Known Software Download Websites",".net","100KB/s to 1MB/s",62,4319557,575,"YES",365,"NO",4,4.89,0.194588402,49,"YES"
"157497","Email",NA,NA,NA,4748858,567,"YES",407,"YES",1,5.72,0.386444229,70,"YES"
"157294","Well Known Software Download Websites",".com","Less than 100 KB/s",187,18828764,644,"NO",2466,"YES",2,4.2,0.47922198,68,"NO"
"190173","Email",NA,NA,NA,6813743,683,"NO",622,"YES",1,5.26,0.291306581,71,"NO"
"160733","Git Repository",".gov","1MB/s to 10MB/s",342,17223649,842,"NO",2149,"YES",2,4.19,1.319935824,73,"NO"
"168153","Linked Directly to Google Search Result",".com","Less than 100 KB/s",296,18146353,799,"YES",2328,"NO",2,5.13,-1.239146289,63,"YES"
"168089","Well Known Software Download Websites",".gov","Less than 100 KB/s",442,1307510,567,"NO",NA,"YES",1,5.06,0.924074289,73,"YES"
"73073","Linked Directly to Google Search Result",".net","1MB/s to 10MB/s",279,9525474,584,"NO",943,"NO",2,5.13,-0.156820149,69,"NO"
"165793","Email",NA,NA,NA,4724489,495,"YES",405,"YES",2,4.59,-0.469245232,57,"YES"
"22769","Linked Directly to Google Search Result",".net","100KB/s to 1MB/s",614,4677647,525,"YES",400,"NO",1,4.5,0.318847633,52,"NO"
"166314","Well Known Software Download Websites",".net","Less than 100 KB/s",353,8677380,633,"NO",837,"YES",2,4.5,0.622488651,49,"NO"
"34979","Email",NA,NA,NA,14994413,628,"NO",1750,"YES",1,4.37,-0.866407787,77,"YES"
"149036","Well Known Software Download Websites",".com","Less than 100 KB/s",367,14937512,491,"NO",1740,"NO",2,5.04,0.151668274,69,"NO"
"163522","Linked Directly to Google Search Result",".com","1MB/s to 10MB/s",264,13854288,506,"NO",1562,"YES",2,4.93,0.368084678,72,"YES"
"187457","Wordpress Powered Web Site",".net","Less than 100 KB/s",NA,14671046,606,"YES",1695,"YES",2,4.59,0.008018177,74,"NO"
"198365","Email",NA,NA,NA,11780519,403,"YES",1248,"YES",3,5.58,-0.429320931,70,"YES"
"178792","Email",NA,NA,NA,993814,594,"NO",76,"YES",2,4.29,-0.57294107,65,"YES"
"33094","Email",NA,NA,NA,3132487,465,"NO",256,"YES",3,5.35,-0.398683846,81,"YES"
"101073","Wordpress Powered Web Site",".net","1MB/s to 10MB/s",395,1367790,461,"NO",106,"NO",3,4.74,0.804071314,73,"YES"
"13182","Linked Directly to Google Search Result",".gov","100KB/s to 1MB/s",233,13254830,684,"YES",1468,"NO",1,5.81,1.185321867,86,"YES"
"192252","Email",NA,NA,NA,22826192,723,"YES",3371,"NO",1,4.85,-1.550062586,97,"NO"
"144220","Wordpress Powered Web Site",".gov","100KB/s to 1MB/s",405,3706377,456,"NO",308,"NO",1,5.36,1.659299501,34,"NO"
"84675","Email",NA,NA,NA,6355719,568,"YES",572,"NO",3,5.01,0.685663865,53,"NO"
"45260","Linked Directly to Google Search Result",".com","100KB/s to 1MB/s",803,7701054,631,"NO",722,"NO",2,5.15,-0.441879488,68,"NO"
"191086","Linked Directly to Google Search Result",".com","1MB/s to 10MB/s",842,4251346,545,"NO",359,"NO",3,5.25,-1.024240204,21,"NO"
"198448","Well Known Software Download Websites",".net","1MB/s to 10MB/s",171,8008887,391,"NO",757,"NO",2,4.35,0.306285324,43,"YES"
"164572","Well Known Software Download Websites",".com","Less than 100 KB/s",156,3741218,609,"NO",311,"NO",2,5.68,2.407901134,75,"YES"
"71019","Linked Directly to Google Search Result",".net","1MB/s to 10MB/s",526,7119408,563,"NO",655,"NO",1,4.45,1.038749905,41,"YES"
"4020","Linked Directly to Google Search Result",".com","1MB/s to 10MB/s",461,10331080,651,"YES",1048,"NO",1,5.36,0.428757439,61,"NO"
"196602","Email",NA,NA,NA,16537741,691,"NO",2021,"NO",2,4.87,2.071754181,68,"NO"
"69622","Well Known Software Download Websites",".com","100KB/s to 1MB/s",503,2574464,624,"NO",206,"YES",2,4.58,-0.281583462,78,"NO"
"117726","Linked Directly to Google Search Result",".com","100KB/s to 1MB/s",244,2828155,571,"NO",229,"YES",1,5.27,0.639694555,67,"YES"
"8434","Well Known Software Download Websites",".net","100KB/s to 1MB/s",277,21582935,469,"NO",3070,"NO",1,5.65,1.44020908,88,"NO"
"149891","Linked Directly to Google Search Result",".edu","Less than 100 KB/s",61,4493790,562,"YES",382,"YES",2,4.42,-0.688631973,93,"NO"
"10630","Well Known Software Download Websites",".net","1MB/s to 10MB/s",92,34035,707,"NO",2,"YES",2,4.52,-1.262733268,60,"NO"
"10507","Well Known Software Download Websites",".net","100KB/s to 1MB/s",79,8970748,624,"NO",873,"NO",2,5,-1.483227972,84,"NO"
"107550","Email",NA,NA,NA,7794841,534,"YES",NA,"YES",1,5.65,-1.232078353,78,"YES"
